query,category,expectedOutcome,rank,id,title,artist,source,score,licenseType,medium,classification,culture,objectDate,tags,subjectTitles,styleTitles,techniqueTitles,themeTitles,imageUrl,originalLink,sourceLink
impressionist oil painting landscape,painting,Top results should prioritize museum sources with credited painters and full artwork metadata.,1,unsplash-r7BNjDQ8B6M,"Title: 1945P25 Cottages at Aldbourne Description: 1945P25 Cottages at Aldbourne, 1915 By Arthur Ambrose McEvoy (d. 1927) Keywords: Landscape, Green, Birmingham Museums Trust/Birmingham Museum & Art Gallery, Oil Painting, Rural, PCF, Cottage https://dams.birminghammuseums.org.uk/asset-bank/action/viewAsset?id=8383",Birmingham Museums Trust,Unsplash,2.39,Unsplash License,,,,,,,,,,https://images.unsplash.com/photo-1695841397204-db5a8fd1044e?crop=entropy&cs=tinysrgb&fit=max&fm=jpg&ixid=M3w5MTEwMzF8MHwxfHNlYXJjaHwyfHxpbXByZXNzaW9uaXN0JTIwb2lsJTIwcGFpbnRpbmclMjBsYW5kc2NhcGV8ZW58MXx8fHwxNzg5NTk3Nzg1fDA&ixlib=rb-4.1.0&q=80&w=1080,https://unsplash.com/photos/a-painting-of-a-house-with-a-thatched-roof-r7BNjDQ8B6M,https://unsplash.com/@birminghammuseumstrust
impressionist oil painting landscape,painting,Top results should prioritize museum sources with credited painters and full artwork metadata.,2,met-359362,Landscape,Edgar Degas,The Metropolitan Museum of Art,2.08,Public Domain,"Monotype in oil colors, heightened with pastel",Prints,,1892,Landscapes,,,,,https://images.metmuseum.org/CRDImages/dp/original/DP815958.jpg,https://www.metmuseum.org/art/collection/search/359362,https://www.metmuseum.org
impressionist oil painting landscape,painting,Top results should prioritize museum sources with credited painters and full artwork metadata.,3,met-437323,A Brazilian Landscape,Frans Post,The Metropolitan Museum of Art,2.07,Public Domain,Oil on wood,Paintings,,1650,Landscapes,,,,,https://images.metmuseum.org/CRDImages/ep/original/DP145952.jpg,https://www.metmuseum.org/art/collection/search/437323,https://www.metmuseum.org
impressionist oil painting landscape,painting,Top results should prioritize museum sources with credited painters and full artwork metadata.,4,met-196918,Classical Landscape with Roma Figures,John Wootton,The Metropolitan Museum of Art,2.06,Public Domain,Oil on canvas,Paintings-Decorative,,1748,Men;Dogs;Horses;Landscapes,,,,,https://images.metmuseum.org/CRDImages/es/original/DP169632.jpg,https://www.metmuseum.org/art/collection/search/196918,https://www.metmuseum.org
impressionist oil painting landscape,painting,Top results should prioritize museum sources with credited painters and full artwork metadata.,5,met-11774,Landscape,Jean Pillement,The Metropolitan Museum of Art,2.05,Public Domain,Oil on canvas,,American,1800–1830,Houses;Landscapes,,,,,https://images.metmuseum.org/CRDImages/ad/original/ap46.67.83.jpg,https://www.metmuseum.org/art/collection/search/11774,https://www.metmuseum.org
impressionist oil painting landscape,painting,Top results should prioritize museum sources with credited painters and full artwork metadata.,6,aic-863,Pastoral Landscape with Ruins,"Adriaen van de Velde (Dutch, 1636–1672)",Art Institute of Chicago,1.92,Public Domain,,,,,,landscape;clouds;cows;goats;hills;horses;ruins;trees,17th Century,oil painting;painting;painting (image making);painting techniques,,http://commons.wikimedia.org/wiki/Special:FilePath/Adriaen%20van%20de%20Velde%20-%20Pastoral%20Landscape%20with%20Ruins%20-%201894.1024%20-%20Art%20Institute%20of%20Chicago.jpg?width=843,https://www.artic.edu/artworks/863,https://www.artic.edu
baroque religious painting dramatic light,painting,"Results should surface historical museum works with clear title, artist, source, and original link.",1,unsplash-1rBg5YSi00c,Michael Angelo's painting on top of the Palace of Versailles,adrianna geo,Unsplash,1.96,Unsplash License,,,,,,,,,,https://images.unsplash.com/flagged/photo-1572392640988-ba48d1a74457?crop=entropy&cs=tinysrgb&fit=max&fm=jpg&ixid=M3w5MTEwMzF8MHwxfHNlYXJjaHwxfHxiYXJvcXVlJTIwcmVsaWdpb3VzJTIwcGFpbnRpbmclMjBkcmFtYXRpYyUyMGxpZ2h0fGVufDF8fHx8MTc4OTU5Nzc4Nnww&ixlib=rb-4.1.0&q=80&w=1080,https://unsplash.com/photos/a-painting-on-the-ceiling-of-a-building-1rBg5YSi00c,https://unsplash.com/@adrigeo_
baroque religious painting dramatic light,painting,"Results should surface historical museum works with clear title, artist, source, and original link.",2,unsplash-TVsgRyKJDc0,Baroque ceiling fresco with figures and bees in the Palazzo Barberini in Rome,Francesco Bianco,Unsplash,1.95,Unsplash License,,,,,,,,,,https://images.unsplash.com/photo-1599894019794-50339c9ad89c?crop=entropy&cs=tinysrgb&fit=max&fm=jpg&ixid=M3w5MTEwMzF8MHwxfHNlYXJjaHwyfHxiYXJvcXVlJTIwcmVsaWdpb3VzJTIwcGFpbnRpbmclMjBkcmFtYXRpYyUyMGxpZ2h0fGVufDF8fHx8MTc4OTU5Nzc4Nnww&ixlib=rb-4.1.0&q=80&w=1080,https://unsplash.com/photos/baroque-ceiling-fresco-in-rome-TVsgRyKJDc0,https://unsplash.com/@francescobiancoo
baroque religious painting dramatic light,painting,"Results should surface historical museum works with clear title, artist, source, and original link.",3,unsplash-ER0xcvVP96w,The Transfiguration painting by master Raphael.,iam_os,Unsplash,1.91,Unsplash License,,,,,,,,,,https://images.unsplash.com/photo-1619696920623-e8cce918848e?crop=entropy&cs=tinysrgb&fit=max&fm=jpg&ixid=M3w5MTEwMzF8MHwxfHNlYXJjaHw2fHxiYXJvcXVlJTIwcmVsaWdpb3VzJTIwcGFpbnRpbmclMjBkcmFtYXRpYyUyMGxpZ2h0fGVufDF8fHx8MTc4OTU5Nzc4Nnww&ixlib=rb-4.1.0&q=80&w=1080,https://unsplash.com/photos/people-in-gold-framed-painting-ER0xcvVP96w,https://unsplash.com/@iam_os
baroque religious painting dramatic light,painting,"Results should surface historical museum works with clear title, artist, source, and original link.",4,aic-120172,Penitent Saint Peter,"Jusepe de Ribera (Spanish, 1588–1652)",Art Institute of Chicago,1.87,Public Domain,,,,,,saints;table;religious figures;religious;religion;night;man;Christianity;Christian subjects;bearded man;light;lighting,17th Century;Baroque,oil painting;painting techniques;painting (image making);painting,,http://commons.wikimedia.org/wiki/Special:FilePath/Jusepe%20de%20Ribera%20-%20Penitent%20Saint%20Peter%20-%201993.60%20-%20Art%20Institute%20of%20Chicago.jpg?width=843,https://www.artic.edu/artworks/120172,https://www.artic.edu
baroque religious painting dramatic light,painting,"Results should surface historical museum works with clear title, artist, source, and original link.",5,met-435848,The Birth of the Virgin,Fra Carnevale (Bartolomeo di Giovanni Corradini),The Metropolitan Museum of Art,1.74,Public Domain,Tempera and oil on wood,Paintings,,1467,Infants;Men;Women;Saint Anne;Virgin Mary,,,,,https://images.metmuseum.org/CRDImages/ep/original/DP109484.jpg,https://www.metmuseum.org/art/collection/search/435848,https://www.metmuseum.org
baroque religious painting dramatic light,painting,"Results should surface historical museum works with clear title, artist, source, and original link.",6,aic-160030,The Ecstasy of Saint Francis,"Giovanni Baglione (Italian, 1566–1643)",Art Institute of Chicago,1.74,Public Domain,,,,,,religious figures;divine;angels;saints;Christianity;Christian subjects;religious scenes;religion,17th Century;Baroque,painting;painting (image making);painting techniques,,http://commons.wikimedia.org/wiki/Special:FilePath/Giovanni%20Baglione%20-%20The%20Ecstasy%20of%20St%20Francis%20-%20WGA1155.jpg?width=843,https://www.artic.edu/artworks/160030,https://www.artic.edu
abstract expressionist color field painting,painting,Ranked results should include relevant painting references and avoid unrelated photography-first cards.,1,unsplash--MCrF6hnojU,"Part of the ""Cityscape"" painting by Jene Stephaniuk. instagram.com/jenegallery",Jené Stephaniuk,Unsplash,1.96,Unsplash License,,,,,,,,,,https://images.unsplash.com/photo-1605721911519-3dfeb3be25e7?crop=entropy&cs=tinysrgb&fit=max&fm=jpg&ixid=M3w5MTEwMzF8MHwxfHNlYXJjaHwxfHxhYnN0cmFjdCUyMGV4cHJlc3Npb25pc3QlMjBjb2xvciUyMGZpZWxkJTIwcGFpbnRpbmd8ZW58MXx8fHwxNzg5NTk3Nzg2fDA&ixlib=rb-4.1.0&q=80&w=1080,https://unsplash.com/photos/red-blue-and-yellow-abstract-painting--MCrF6hnojU,https://unsplash.com/@jenestephaniuk
abstract expressionist color field painting,painting,Ranked results should include relevant painting references and avoid unrelated photography-first cards.,2,unsplash-zMl9PjGFPWg,Painting pattern 1,Vojtech Bruzek,Unsplash,1.95,Unsplash License,,,,,,,,,,https://images.unsplash.com/photo-1618331833071-ce81bd50d300?crop=entropy&cs=tinysrgb&fit=max&fm=jpg&ixid=M3w5MTEwMzF8MHwxfHNlYXJjaHwyfHxhYnN0cmFjdCUyMGV4cHJlc3Npb25pc3QlMjBjb2xvciUyMGZpZWxkJTIwcGFpbnRpbmd8ZW58MXx8fHwxNzg5NTk3Nzg2fDA&ixlib=rb-4.1.0&q=80&w=1080,https://unsplash.com/photos/blue-white-and-yellow-abstract-painting-zMl9PjGFPWg,https://unsplash.com/@vojtechbruzek
abstract expressionist color field painting,painting,Ranked results should include relevant painting references and avoid unrelated photography-first cards.,3,unsplash-mCjA1I8SlS8,Painting pattern - full size of painting and more you can find on my profile. Painting is available for sale. ,Vojtech Bruzek,Unsplash,1.92,Unsplash License,,,,,,,,,,https://images.unsplash.com/photo-1618331835717-801e976710b2?crop=entropy&cs=tinysrgb&fit=max&fm=jpg&ixid=M3w5MTEwMzF8MHwxfHNlYXJjaHw1fHxhYnN0cmFjdCUyMGV4cHJlc3Npb25pc3QlMjBjb2xvciUyMGZpZWxkJTIwcGFpbnRpbmd8ZW58MXx8fHwxNzg5NTk3Nzg2fDA&ixlib=rb-4.1.0&q=80&w=1080,https://unsplash.com/photos/yellow-green-and-white-abstract-painting-mCjA1I8SlS8,https://unsplash.com/@vojtechbruzek
abstract expressionist color field painting,painting,Ranked results should include relevant painting references and avoid unrelated photography-first cards.,4,unsplash-e5LdlAMpkEw,More: https://stevejohnsonart.us,Steve A Johnson,Unsplash,1.72,Unsplash License,,,,,,,,,,https://images.unsplash.com/photo-1541961017774-22349e4a1262?crop=entropy&cs=tinysrgb&fit=max&fm=jpg&ixid=M3w5MTEwMzF8MHwxfHNlYXJjaHwzfHxhYnN0cmFjdCUyMGV4cHJlc3Npb25pc3QlMjBjb2xvciUyMGZpZWxkJTIwcGFpbnRpbmd8ZW58MXx8fHwxNzg5NTk3Nzg2fDA&ixlib=rb-4.1.0&q=80&w=1080,https://unsplash.com/photos/abstract-painting-e5LdlAMpkEw,https://unsplash.com/@steve_j
abstract expressionist color field painting,painting,Ranked results should include relevant painting references and avoid unrelated photography-first cards.,5,met-438821,Ia Orana Maria (Hail Mary),Paul Gauguin,The Metropolitan Museum of Art,1.66,Public Domain,Oil on canvas,Paintings,,1891,Women;Landscapes;Angels;Virgin Mary;Jesus,,,,,https://images.metmuseum.org/CRDImages/ep/original/DT1025.jpg,https://www.metmuseum.org/art/collection/search/438821,https://www.metmuseum.org
abstract expressionist color field painting,painting,Ranked results should include relevant painting references and avoid unrelated photography-first cards.,6,aic-94841,The Song of the Lark,"Jules Breton (French, 1827–1906)",Art Institute of Chicago,1.66,Public Domain,,,,,,woman;sky;horizon;landscape;rural life;bird;farm;field;girl;labor;peasants;sun;sunrises,19th century,oil painting;painting;painting (image making);painting techniques,,http://commons.wikimedia.org/wiki/Special:FilePath/Jules%20Breton%2C%20le%20chant%20de%20l%27alouette.1884.jpg?width=843,https://www.artic.edu/artworks/94841,https://www.artic.edu
classical marble sculpture figure,sculpture,Museum-based sculpture pieces should rank highly with usable images and attribution.,1,unsplash-OOsBauAknWk,When the sunlight tints the marble sculpture.,Xinyi Wen,Unsplash,2.13,Unsplash License,,,,,,,,,,https://images.unsplash.com/photo-1725809590844-409adc95db52?crop=entropy&cs=tinysrgb&fit=max&fm=jpg&ixid=M3w5MTEwMzF8MHwxfHNlYXJjaHw2fHxjbGFzc2ljYWwlMjBtYXJibGUlMjBzY3VscHR1cmUlMjBmaWd1cmV8ZW58MXx8fHwxNzg5NTk3Nzg3fDA&ixlib=rb-4.1.0&q=80&w=1080,https://unsplash.com/photos/a-statue-of-a-man-with-his-arms-crossed-OOsBauAknWk,https://unsplash.com/@ewxy
classical marble sculpture figure,sculpture,Museum-based sculpture pieces should rank highly with usable images and attribution.,2,met-206989,Commode à vantaux,David Roentgen,The Metropolitan Museum of Art,1.86,Public Domain,"Oak, pine, walnut, mahogany, and cherry veneered with hornbeam (partially stained), tulipwood, walnut, holly and maple (both partially stained), boxwood, mahogany, and other woods; red brocatelle marble; gilt bronze; iron, steel, and brass",Woodwork-Furniture,,ca. 1775–79 with later alterations,Men;Women;Dogs,,,,,https://images.metmuseum.org/CRDImages/es/original/DT8910.jpg,https://www.metmuseum.org/art/collection/search/206989,https://www.metmuseum.org
classical marble sculpture figure,sculpture,Museum-based sculpture pieces should rank highly with usable images and attribution.,3,met-202163,Drop-front desk (secrétaire à abattant or secrétaire en cabinet),Adam Weisweiler,The Metropolitan Museum of Art,1.85,Public Domain,"Oak veneered with burl thuya, amaranth, mahogany, satinwood, holly, and ebonized holly; painted metal; one soft-paste porcelain plaque; fifteen jasper medallions; gilt-bronze mounts; marble; leather (not original)",Woodwork-Furniture,,ca. 1787,,,,,,https://images.metmuseum.org/CRDImages/es/original/DP105328.jpg,https://www.metmuseum.org/art/collection/search/202163,https://www.metmuseum.org
classical marble sculpture figure,sculpture,Museum-based sculpture pieces should rank highly with usable images and attribution.,4,met-206588,Commode (commode à vantaux) (part of a set),Adam Weisweiler,The Metropolitan Museum of Art,1.84,Public Domain,"Oak veneered with ebony, amaranth, holly, ebonized holly, satinwood, Japanese and French lacquer panels; gilt-bronze mounts, brocatelle marble top (not original); steel springs; morocco leather (not original)",Woodwork-Furniture,,ca. 1790,Buildings;Roosters,,,,,https://images.metmuseum.org/CRDImages/es/original/DP105715.jpg,https://www.metmuseum.org/art/collection/search/206588,https://www.metmuseum.org
classical marble sculpture figure,sculpture,Museum-based sculpture pieces should rank highly with usable images and attribution.,5,met-206589,Drop-front secretary on stand (secrètaire à abattant or secrétaire en cabinet) (one of a pair) (part of a set),Adam Weisweiler,The Metropolitan Museum of Art,1.83,Public Domain,"Oak veneered with ebony, amaranth, holly, ebonized holly, satinwood, Japanese and French lacquer panels, gilt-bronze mounts, brocatelle marble top (not original); steel springs; morocco leather (not original)",Woodwork-Furniture,,ca. 1790,,,,,,https://images.metmuseum.org/CRDImages/es/original/DP105716.jpg,https://www.metmuseum.org/art/collection/search/206589,https://www.metmuseum.org
classical marble sculpture figure,sculpture,Museum-based sculpture pieces should rank highly with usable images and attribution.,6,met-206990,Commode,André Charles Boulle,The Metropolitan Museum of Art,1.81,Public Domain,"Walnut veneered with ebony, marquetry of engraved brass and tortoiseshell, gilt-bronze mounts, verd antique marble",Woodwork-Furniture,,ca. 1710–20,,,,,,https://images.metmuseum.org/CRDImages/es/original/DP108742.jpg,https://www.metmuseum.org/art/collection/search/206990,https://www.metmuseum.org
bronze sculpture human anatomy study,sculpture,Results should include sculpture records with strong metadata completeness and original source links.,1,unsplash-0yLmwcXLwLw,human body sculpture,camilo jimenez,Unsplash,2.16,Unsplash License,,,,,,,,,,https://images.unsplash.com/photo-1567607673554-2048def2c6b4?crop=entropy&cs=tinysrgb&fit=max&fm=jpg&ixid=M3w5MTEwMzF8MHwxfHNlYXJjaHwzfHxicm9uemUlMjBzY3VscHR1cmUlMjBodW1hbiUyMGFuYXRvbXklMjBzdHVkeXxlbnwxfHx8fDE3ODk1OTc3ODh8MA&ixlib=rb-4.1.0&q=80&w=1080,https://unsplash.com/photos/human-body-sculpture-0yLmwcXLwLw,https://unsplash.com/@camstejim
bronze sculpture human anatomy study,sculpture,Results should include sculpture records with strong metadata completeness and original source links.,2,met-254613,Bronze figure of a boy in Eastern dress,Unknown artist,The Metropolitan Museum of Art,1.99,Public Domain,Bronze,Bronzes,"Greek, Ptolemaic or Roman",mid-late 1st century BCE,Boys,,,,,https://images.metmuseum.org/CRDImages/gr/original/DP-39819-001.jpg,https://www.metmuseum.org/art/collection/search/254613,https://www.metmuseum.org
bronze sculpture human anatomy study,sculpture,Results should include sculpture records with strong metadata completeness and original source links.,3,met-249228,Bronze man and centaur,Unknown artist,The Metropolitan Museum of Art,1.97,Public Domain,Bronze,Bronzes,Greek,ca. 750 BCE,Men;Centaurs,,,,,https://images.metmuseum.org/CRDImages/gr/original/DP-23249-001.jpg,https://www.metmuseum.org/art/collection/search/249228,https://www.metmuseum.org
bronze sculpture human anatomy study,sculpture,Results should include sculpture records with strong metadata completeness and original source links.,4,unsplash-Jq67nvYwUdE,Human Nervous system diorama from the Museum of Natural History at CDMX,Girl with red hat,Unsplash,1.96,Unsplash License,,,,,,,,,,https://images.unsplash.com/photo-1597163182295-0632d20f7498?crop=entropy&cs=tinysrgb&fit=max&fm=jpg&ixid=M3w5MTEwMzF8MHwxfHNlYXJjaHwxfHxicm9uemUlMjBzY3VscHR1cmUlMjBodW1hbiUyMGFuYXRvbXklMjBzdHVkeXxlbnwxfHx8fDE3ODk1OTc3ODh8MA&ixlib=rb-4.1.0&q=80&w=1080,https://unsplash.com/photos/gold-statue-of-a-man-Jq67nvYwUdE,https://unsplash.com/@girlwithredhat
bronze sculpture human anatomy study,sculpture,Results should include sculpture records with strong metadata completeness and original source links.,5,unsplash-AhpNp--I2ME,"Rare Book Division, The New York Public Library. ""Prima pagina figurarum capitalium [Human brain]"" The New York Public Library Digital Collections. 1545. https://digitalcollections.nypl.org/items/510d47dd-f399-a3d9-e040-e00a18064a99",The New York Public Library,Unsplash,1.93,Unsplash License,,,,,,,,,,https://images.unsplash.com/photo-1725399633872-32ba508b0607?crop=entropy&cs=tinysrgb&fit=max&fm=jpg&ixid=M3w5MTEwMzF8MHwxfHNlYXJjaHw0fHxicm9uemUlMjBzY3VscHR1cmUlMjBodW1hbiUyMGFuYXRvbXklMjBzdHVkeXxlbnwxfHx8fDE3ODk1OTc3ODh8MA&ixlib=rb-4.1.0&q=80&w=1080,https://unsplash.com/photos/anatomical-drawings-of-the-human-brain-and-head-AhpNp--I2ME,https://unsplash.com/@nypl
bronze sculpture human anatomy study,sculpture,Results should include sculpture records with strong metadata completeness and original source links.,6,aic-24548,Shiva as Lord of the Dance (Nataraja),"India
Tamil Nadu",Art Institute of Chicago,1.56,Public Domain,,,,,,dancing;gods (deities);Hindu;religion;Shiva Nataraja,South Asian;chola,casting (process),Essentials,http://commons.wikimedia.org/wiki/Special:FilePath/Shiva%20as%20Lord%20of%20the%20Dance%20%28Nataraja%29.jpg?width=843,https://www.artic.edu/artworks/24548,https://www.artic.edu
ancient greek statue drapery,sculpture,Top cards should show sculpture-focused museum results with low duplication.,1,met-247173,Marble statue of Eirene (the personification of peace),Kephisodotos,The Metropolitan Museum of Art,1.96,Public Domain,"Marble, Pentelic ?",Stone Sculpture,Roman,ca. 14–68 CE,Women,,,,,https://images.metmuseum.org/CRDImages/gr/original/DT11659.jpg,https://www.metmuseum.org/art/collection/search/247173,https://www.metmuseum.org
ancient greek statue drapery,sculpture,Top cards should show sculpture-focused museum results with low duplication.,2,unsplash-RmSB2vuhX-c,"Statue
",Nayani Teixeira,Unsplash,1.95,Unsplash License,,,,,,,,,,https://images.unsplash.com/photo-1574359587026-daf1bfd26baa?crop=entropy&cs=tinysrgb&fit=max&fm=jpg&ixid=M3w5MTEwMzF8MHwxfHNlYXJjaHwyfHxhbmNpZW50JTIwZ3JlZWslMjBzdGF0dWUlMjBkcmFwZXJ5fGVufDF8fHx8MTc4OTU5Nzc4OHww&ixlib=rb-4.1.0&q=80&w=1080,https://unsplash.com/photos/grayscale-photo-of-man-statue-RmSB2vuhX-c,https://unsplash.com/@teixeiranay
ancient greek statue drapery,sculpture,Top cards should show sculpture-focused museum results with low duplication.,3,unsplash-jE5tmEqjYUA,a historical statue from the roman period,engin akyurt,Unsplash,1.92,Unsplash License,,,,,,,,,,https://images.unsplash.com/photo-1598564254441-be3be79c2b9a?crop=entropy&cs=tinysrgb&fit=max&fm=jpg&ixid=M3w5MTEwMzF8MHwxfHNlYXJjaHw1fHxhbmNpZW50JTIwZ3JlZWslMjBzdGF0dWUlMjBkcmFwZXJ5fGVufDF8fHx8MTc4OTU5Nzc4OHww&ixlib=rb-4.1.0&q=80&w=1080,https://unsplash.com/photos/man-in-white-robe-statue-jE5tmEqjYUA,https://unsplash.com/@enginakyurt
ancient greek statue drapery,sculpture,Top cards should show sculpture-focused museum results with low duplication.,4,met-255973,"Statue of Dionysos leaning on a female figure (""Hope Dionysos"")","Pacetti, Vincenzo",The Metropolitan Museum of Art,1.91,Public Domain,Marble,Stone Sculpture,Roman,27 BCE–68 CE,Men;Women;Dionysus,,,,,https://images.metmuseum.org/CRDImages/gr/original/DT6494.jpg,https://www.metmuseum.org/art/collection/search/255973,https://www.metmuseum.org
ancient greek statue drapery,sculpture,Top cards should show sculpture-focused museum results with low duplication.,5,unsplash-7ZBKzqjrPBw,a statue of a man with his eyes closed,Lucrezia De Agrò,Unsplash,1.91,Unsplash License,,,,,,,,,,https://images.unsplash.com/photo-1636137351259-fbe4b2a94244?crop=entropy&cs=tinysrgb&fit=max&fm=jpg&ixid=M3w5MTEwMzF8MHwxfHNlYXJjaHw2fHxhbmNpZW50JTIwZ3JlZWslMjBzdGF0dWUlMjBkcmFwZXJ5fGVufDF8fHx8MTc4OTU5Nzc4OHww&ixlib=rb-4.1.0&q=80&w=1080,https://unsplash.com/photos/a-statue-of-a-man-with-his-eyes-closed-7ZBKzqjrPBw,https://unsplash.com/@luludeagro
ancient greek statue drapery,sculpture,Top cards should show sculpture-focused museum results with low duplication.,6,met-248132,Marble statue of an old woman,Unknown artist,The Metropolitan Museum of Art,1.89,Public Domain,"Marble, Pentelic",Stone Sculpture,Roman,14–68 CE,Women,,,,,https://images.metmuseum.org/CRDImages/gr/original/DP277237.jpg,https://www.metmuseum.org/art/collection/search/248132,https://www.metmuseum.org
street photography at night rain,photography,"Unsplash should be prioritized, with photographer attribution and clear original photo links.",1,aic-20684,Paris Street; Rainy Day,"Gustave Caillebotte (French, 1848–1894)",Art Institute of Chicago,2.41,Public Domain,,,,,,urban life;hat;building;couples;figures;Paris;rain;street;umbrellas;cityscapes;weather/seasons;men;leisure;women;everyday life (genre);water,Impressionism;19th century,oil painting;painting;painting techniques;painting (image making),Essentials;Save Ferris,http://commons.wikimedia.org/wiki/Special:FilePath/Gustave%20Caillebotte%20-%20Paris%20Street%2C%20Rainy%20Day%20-%201964.336%20-%20Art%20Institute%20of%20Chicago.jpg?width=843,https://www.artic.edu/artworks/20684,https://www.artic.edu
street photography at night rain,photography,"Unsplash should be prioritized, with photographer attribution and clear original photo links.",2,unsplash-EDGwCAOM_HA,A wet asphalt road reflecting streetlights and red traffic signals at night,Pavel Orange,Unsplash,2.39,Unsplash License,,,,,,,,,,https://images.unsplash.com/photo-1618941240535-234c3212e3e7?crop=entropy&cs=tinysrgb&fit=max&fm=jpg&ixid=M3w5MTEwMzF8MHwxfHNlYXJjaHwyfHxzdHJlZXQlMjBwaG90b2dyYXBoeSUyMGF0JTIwbmlnaHQlMjByYWlufGVufDF8fHx8MTc4OTU5Nzc4OXww&ixlib=rb-4.1.0&q=80&w=1080,https://unsplash.com/photos/wet-asphalt-road-at-night-EDGwCAOM_HA,https://unsplash.com/@pavelorange
street photography at night rain,photography,"Unsplash should be prioritized, with photographer attribution and clear original photo links.",3,unsplash-sDJcm_agS04,a street at night with a street light on,Photozzia,Unsplash,2.36,Unsplash License,,,,,,,,,,https://images.unsplash.com/photo-1706875311168-bd3b08547236?crop=entropy&cs=tinysrgb&fit=max&fm=jpg&ixid=M3w5MTEwMzF8MHwxfHNlYXJjaHw1fHxzdHJlZXQlMjBwaG90b2dyYXBoeSUyMGF0JTIwbmlnaHQlMjByYWlufGVufDF8fHx8MTc4OTU5Nzc4OXww&ixlib=rb-4.1.0&q=80&w=1080,https://unsplash.com/photos/a-street-at-night-with-a-street-light-on-sDJcm_agS04,https://unsplash.com/@photozzia
street photography at night rain,photography,"Unsplash should be prioritized, with photographer attribution and clear original photo links.",4,unsplash-FhR46F3l9KQ,Rainy night through wet glas.,Gil Ribeiro,Unsplash,2.16,Unsplash License,,,,,,,,,,https://images.unsplash.com/photo-1576514864427-f0809d2b66eb?crop=entropy&cs=tinysrgb&fit=max&fm=jpg&ixid=M3w5MTEwMzF8MHwxfHNlYXJjaHwzfHxzdHJlZXQlMjBwaG90b2dyYXBoeSUyMGF0JTIwbmlnaHQlMjByYWlufGVufDF8fHx8MTc4OTU5Nzc4OXww&ixlib=rb-4.1.0&q=80&w=1080,https://unsplash.com/photos/people-walking-on-street-in-rainy-day-FhR46F3l9KQ,https://unsplash.com/@gileres
street photography at night rain,photography,"Unsplash should be prioritized, with photographer attribution and clear original photo links.",5,aic-84123,Drinking at Night,"Tang Yin
Chinese, 1470-1523",Art Institute of Chicago,2.01,Public Domain,,,,,,,Chinese (culture or style),,,http://commons.wikimedia.org/wiki/Special:FilePath/Tang%20Yin%20-%20Drinking%20at%20Night%20-%201955.761%20-%20Art%20Institute%20of%20Chicago.jpg?width=843,https://www.artic.edu/artworks/84123,https://www.artic.edu
street photography at night rain,photography,"Unsplash should be prioritized, with photographer attribution and clear original photo links.",6,unsplash-VH7NuUbj104,Lit Night,Filip Mroz,Unsplash,1.96,Unsplash License,,,,,,,,,,https://images.unsplash.com/photo-1517328894681-0f5dfabd463c?crop=entropy&cs=tinysrgb&fit=max&fm=jpg&ixid=M3w5MTEwMzF8MHwxfHNlYXJjaHwxfHxzdHJlZXQlMjBwaG90b2dyYXBoeSUyMGF0JTIwbmlnaHQlMjByYWlufGVufDF8fHx8MTc4OTU5Nzc4OXww&ixlib=rb-4.1.0&q=80&w=1080,https://unsplash.com/photos/people-standing-near-lamp-post-and-building-VH7NuUbj104,https://unsplash.com/@mroz
fashion editorial photography monochrome,photography,Photography sources should dominate top ranking while still preserving licensing and source labels.,1,unsplash-8EyB_RvaWtY,"Dancing Woman in black and white.
Fashioncampaign shooting",Philipp Arlt,Unsplash,1.91,Unsplash License,,,,,,,,,,https://images.unsplash.com/photo-1592833578500-1082e18665a3?crop=entropy&cs=tinysrgb&fit=max&fm=jpg&ixid=M3w5MTEwMzF8MHwxfHNlYXJjaHw2fHxmYXNoaW9uJTIwZWRpdG9yaWFsJTIwcGhvdG9ncmFwaHklMjBtb25vY2hyb21lfGVufDF8fHx8MTc4OTU5Nzc4OXww&ixlib=rb-4.1.0&q=80&w=1080,https://unsplash.com/photos/woman-in-black-coat-and-black-pants-8EyB_RvaWtY,https://unsplash.com/@philipparltdesign
fashion editorial photography monochrome,photography,Photography sources should dominate top ranking while still preserving licensing and source labels.,2,unsplash-PKMvkg7vnUo,@themalicki,Malicki M Beser,Unsplash,1.74,Unsplash License,,,,,,,,,,https://images.unsplash.com/photo-1603189343302-e603f7add05a?crop=entropy&cs=tinysrgb&fit=max&fm=jpg&ixid=M3w5MTEwMzF8MHwxfHNlYXJjaHwxfHxmYXNoaW9uJTIwZWRpdG9yaWFsJTIwcGhvdG9ncmFwaHklMjBtb25vY2hyb21lfGVufDF8fHx8MTc4OTU5Nzc4OXww&ixlib=rb-4.1.0&q=80&w=1080,https://unsplash.com/photos/person-in-black-jacket-silhouette-PKMvkg7vnUo,https://unsplash.com/@themalicki
fashion editorial photography monochrome,photography,Photography sources should dominate top ranking while still preserving licensing and source labels.,3,unsplash-1tjMpBTvFAA,A woman with braided hair in a red outfit against a clear blue sky,Marjan Taghipour,Unsplash,1.73,Unsplash License,,,,,,,,,,https://images.unsplash.com/photo-1662532577856-e8ee8b138a8b?crop=entropy&cs=tinysrgb&fit=max&fm=jpg&ixid=M3w5MTEwMzF8MHwxfHNlYXJjaHwyfHxmYXNoaW9uJTIwZWRpdG9yaWFsJTIwcGhvdG9ncmFwaHklMjBtb25vY2hyb21lfGVufDF8fHx8MTc4OTU5Nzc4OXww&ixlib=rb-4.1.0&q=80&w=1080,https://unsplash.com/photos/woman-in-red-outfit-against-sky-1tjMpBTvFAA,https://unsplash.com/@marjantaghipour
fashion editorial photography monochrome,photography,Photography sources should dominate top ranking while still preserving licensing and source labels.,4,unsplash-HlVjI5WmoQY,A person in a blazer and trousers with a hand in a pocket,Chyntia Juls,Unsplash,1.72,Unsplash License,,,,,,,,,,https://images.unsplash.com/photo-1613915617430-8ab0fd7c6baf?crop=entropy&cs=tinysrgb&fit=max&fm=jpg&ixid=M3w5MTEwMzF8MHwxfHNlYXJjaHwzfHxmYXNoaW9uJTIwZWRpdG9yaWFsJTIwcGhvdG9ncmFwaHklMjBtb25vY2hyb21lfGVufDF8fHx8MTc4OTU5Nzc4OXww&ixlib=rb-4.1.0&q=80&w=1080,https://unsplash.com/photos/person-in-blazer-and-trousers-HlVjI5WmoQY,https://unsplash.com/@chyntiajuls
fashion editorial photography monochrome,photography,Photography sources should dominate top ranking while still preserving licensing and source labels.,5,unsplash-MsAXaqPPg1A,with DOTO.,mojtaba mosayebzadeh,Unsplash,1.71,Unsplash License,,,,,,,,,,https://images.unsplash.com/photo-1645561305502-63a9ba09ab09?crop=entropy&cs=tinysrgb&fit=max&fm=jpg&ixid=M3w5MTEwMzF8MHwxfHNlYXJjaHw0fHxmYXNoaW9uJTIwZWRpdG9yaWFsJTIwcGhvdG9ncmFwaHklMjBtb25vY2hyb21lfGVufDF8fHx8MTc4OTU5Nzc4OXww&ixlib=rb-4.1.0&q=80&w=1080,https://unsplash.com/photos/a-woman-wearing-sunglasses-and-a-coat-MsAXaqPPg1A,https://unsplash.com/@mojiw
documentary photo market scene,photography,"Top results should include modern real-world photos and compact, clear attribution fields.",1,unsplash-pdadDc_I_-U,"Fish trading activities, Traditional markets",The Ian,Unsplash,1.95,Unsplash License,,,,,,,,,,https://images.unsplash.com/photo-1581405784382-207abf7aeb95?crop=entropy&cs=tinysrgb&fit=max&fm=jpg&ixid=M3w5MTEwMzF8MHwxfHNlYXJjaHwyfHxkb2N1bWVudGFyeSUyMHBob3RvJTIwbWFya2V0JTIwc2NlbmV8ZW58MXx8fHwxNzg5NTk3NzkwfDA&ixlib=rb-4.1.0&q=80&w=1080,https://unsplash.com/photos/people-standing-on-street-during-daytime-pdadDc_I_-U,https://unsplash.com/@theian20
documentary photo market scene,photography,"Top results should include modern real-world photos and compact, clear attribution fields.",2,unsplash-9SyG7TQ5PbI,Traditional Marketplace,Falaq Lazuardi,Unsplash,1.94,Unsplash License,,,,,,,,,,https://images.unsplash.com/photo-1598063413828-0d42356b9573?crop=entropy&cs=tinysrgb&fit=max&fm=jpg&ixid=M3w5MTEwMzF8MHwxfHNlYXJjaHwzfHxkb2N1bWVudGFyeSUyMHBob3RvJTIwbWFya2V0JTIwc2NlbmV8ZW58MXx8fHwxNzg5NTk3NzkwfDA&ixlib=rb-4.1.0&q=80&w=1080,https://unsplash.com/photos/woman-in-blue-and-red-floral-dress-walking-on-street-during-daytime-9SyG7TQ5PbI,https://unsplash.com/@falaqkun
documentary photo market scene,photography,"Top results should include modern real-world photos and compact, clear attribution fields.",3,unsplash-D1UXDjVr8cw,"Berber Market, Morocco",Annie Spratt,Unsplash,1.93,Unsplash License,,,,,,,,,,https://images.unsplash.com/photo-1517137744310-173515c62d59?crop=entropy&cs=tinysrgb&fit=max&fm=jpg&ixid=M3w5MTEwMzF8MHwxfHNlYXJjaHw0fHxkb2N1bWVudGFyeSUyMHBob3RvJTIwbWFya2V0JTIwc2NlbmV8ZW58MXx8fHwxNzg5NTk3NzkwfDA&ixlib=rb-4.1.0&q=80&w=1080,https://unsplash.com/photos/group-of-people-on-day-market-D1UXDjVr8cw,https://unsplash.com/@anniespratt
documentary photo market scene,photography,"Top results should include modern real-world photos and compact, clear attribution fields.",4,unsplash-fcMDSktNL3s,"Candid shot of blackberries and other produce at the Granville Island Public Market in Vancouver, British Columbia.",Wes Hicks,Unsplash,1.91,Unsplash License,,,,,,,,,,https://images.unsplash.com/photo-1577110905059-99e821bb9852?crop=entropy&cs=tinysrgb&fit=max&fm=jpg&ixid=M3w5MTEwMzF8MHwxfHNlYXJjaHw2fHxkb2N1bWVudGFyeSUyMHBob3RvJTIwbWFya2V0JTIwc2NlbmV8ZW58MXx8fHwxNzg5NTk3NzkwfDA&ixlib=rb-4.1.0&q=80&w=1080,https://unsplash.com/photos/variety-of-fruits-displayed-in-the-market-fcMDSktNL3s,https://unsplash.com/@sickhews
documentary photo market scene,photography,"Top results should include modern real-world photos and compact, clear attribution fields.",5,aic-21934,Kitchen Scene,"Diego Velázquez (Spanish, 1599–1660)",Art Institute of Chicago,1.83,Public Domain,,,,,,slavery;still life;African;domestic;domestic scenes;female;interior;jug;kitchen;portraits: African subject;servingware;Utensil;vase;women,17th Century;Baroque,painting;oil painting;painting (image making);painting techniques,,http://commons.wikimedia.org/wiki/Special:FilePath/Diego%20Vel%C3%A1zquez%20-%20Kitchen%20Scene%20-%201935.380%20-%20Art%20Institute%20of%20Chicago.jpg?width=843,https://www.artic.edu/artworks/21934,https://www.artic.edu
documentary photo market scene,photography,"Top results should include modern real-world photos and compact, clear attribution fields.",6,aic-896,The Road to Market,"Constant Troyon (French, 1810–1865)",Art Institute of Chicago,1.82,Public Domain,,,,,,livestock;sheep;animals;horse;paths;road;trees;nature;dog;dogs;men;women;woman;shepherds;sky,nineteenth century;19th century,oil painting;painting techniques;painting (image making);painting,,http://commons.wikimedia.org/wiki/Special:FilePath/Constant%20Troyon%20-%20The%20Road%20to%20Market%20-%201894.1068%20-%20Art%20Institute%20of%20Chicago.jpg?width=843,https://www.artic.edu/artworks/896,https://www.artic.edu
renaissance portrait woman profile,portrait,Museum portrait works should rank above unrelated modern photography.,1,unsplash-pT8oML-bLtU,"Title: Portrait of a Woman, Said to Be Caritas Pirckheimer (1467–1532),Artist: Imitator of Albrecht Dürer (20th century),Medium: Oil on linen,Dimensions: 18 1/2 x 14 1/2 in. (47 x 36.8 cm),Classification: Paintings,Credit Line: Gift of Julie and Lawrence Salander, 2006,Object Number: 2006.151.1,Curatorial Department: European Paintings. http://www.metmuseum.org/art/collection/search/438844",The Metropolitan Museum of Art,Unsplash,2.18,Unsplash License,,,,,,,,,,https://images.unsplash.com/photo-1783765399333-723123b053fa?crop=entropy&cs=tinysrgb&fit=max&fm=jpg&ixid=M3w5MTEwMzF8MHwxfHNlYXJjaHwxfHxyZW5haXNzYW5jZSUyMHBvcnRyYWl0JTIwd29tYW4lMjBwcm9maWxlfGVufDF8fHx8MTc4OTU5Nzc5MHww&ixlib=rb-4.1.0&q=80&w=1080,https://unsplash.com/photos/older-woman-wearing-a-brown-hood-and-white-wimple-pT8oML-bLtU,https://unsplash.com/@metropolitanmuseum
renaissance portrait woman profile,portrait,Museum portrait works should rank above unrelated modern photography.,2,unsplash-gjuoUVTFWhM,"Title: Portrait of a young Woman Publisher: Rijksmuseum Date: 1480 - 1499 Providing institution: Rijksmuseum Aggregator: Rijksmuseum Providing Country: Netherlands Public Domain Portrait of a young Woman - Rijksmuseum, Netherlands - Public Domain.",Europeana,Unsplash,2.15,Unsplash License,,,,,,,,,,https://images.unsplash.com/photo-1752317591841-bbca8ed3eb0b?crop=entropy&cs=tinysrgb&fit=max&fm=jpg&ixid=M3w5MTEwMzF8MHwxfHNlYXJjaHw0fHxyZW5haXNzYW5jZSUyMHBvcnRyYWl0JTIwd29tYW4lMjBwcm9maWxlfGVufDF8fHx8MTc4OTU5Nzc5MHww&ixlib=rb-4.1.0&q=80&w=1080,https://unsplash.com/photos/profile-of-a-woman-in-a-red-and-white-dress-gjuoUVTFWhM,https://unsplash.com/@europeana
renaissance portrait woman profile,portrait,Museum portrait works should rank above unrelated modern photography.,3,aic-110872,Portrait of a Lady,"Follower of Titian (Italian, c. 1488-1576)",Art Institute of Chicago,2.03,Public Domain,,,,,,portraits: female subject;woman;portraits;portrait;lace,sixteenth century;Renaissance;16th Century,oil painting;painting techniques;painting (image making);painting,,http://commons.wikimedia.org/wiki/Special:FilePath/Titian%20-%20Portrait%20of%20a%20Lady%20-%201954.301%20-%20Art%20Institute%20of%20Chicago.jpg?width=843,https://www.artic.edu/artworks/110872,https://www.artic.edu
renaissance portrait woman profile,portrait,Museum portrait works should rank above unrelated modern photography.,4,unsplash-mTvLK4-TGlg,"Title: The Potato Peeler (reverse: Self-Portrait with a Straw Hat),Artist: Vincent van Gogh (Dutch, Zundert 1853–1890 Auvers-sur-Oise),Date: 1885,Medium: Oil on canvas,Dimensions: 16 x 12 1/2 in. (40.6 x 31.8 cm),Classification: Paintings,Credit Line: Bequest of Miss Adelaide Milton de Groot (1876-1967), 1967,Object Number: 67.187.70b,Curatorial Department: European Paintings.",The Metropolitan Museum of Art,Unsplash,1.94,Unsplash License,,,,,,,,,,https://images.unsplash.com/photo-1782850249812-62a63abf7ce0?crop=entropy&cs=tinysrgb&fit=max&fm=jpg&ixid=M3w5MTEwMzF8MHwxfHNlYXJjaHwzfHxyZW5haXNzYW5jZSUyMHBvcnRyYWl0JTIwd29tYW4lMjBwcm9maWxlfGVufDF8fHx8MTc4OTU5Nzc5MHww&ixlib=rb-4.1.0&q=80&w=1080,https://unsplash.com/photos/a-woman-in-a-white-headscarf-peeling-an-object-mTvLK4-TGlg,https://unsplash.com/@metropolitanmuseum
renaissance portrait woman profile,portrait,Museum portrait works should rank above unrelated modern photography.,5,aic-90060,Sinan Reis and Hayreddin Barbarossa,Italian,Art Institute of Chicago,1.82,Public Domain,,,,,,portraits: multiple subjects;profile;man;men;islamic;Jewish people;portrait;portraits: male subject;Century of Progress;world's fairs;Chicago World's Fairs,16th Century;Renaissance,painting;painting (image making);painting techniques,,http://commons.wikimedia.org/wiki/Special:FilePath/Imitator%20of%20Gentile%20Bellini%20-%20Sinan%20the%20Jew%20and%20Haireddin%20Barbarossa%20-%201947.53%20-%20Art%20Institute%20of%20Chicago.jpg?width=843,https://www.artic.edu/artworks/90060,https://www.artic.edu
renaissance portrait woman profile,portrait,Museum portrait works should rank above unrelated modern photography.,6,unsplash-tAGVIAe9VDc,"Head of a Young Girl c. 1890 Auguste Renoir Associated Names Auguste Renoir Artist, French, 1841 - 1919 https://www.nga.gov/artworks/35083-head-young-girl",National Gallery of Art,Unsplash,1.73,Unsplash License,,,,,,,,,,https://images.unsplash.com/photo-1763069192793-ae8cbbbac026?crop=entropy&cs=tinysrgb&fit=max&fm=jpg&ixid=M3w5MTEwMzF8MHwxfHNlYXJjaHwyfHxyZW5haXNzYW5jZSUyMHBvcnRyYWl0JTIwd29tYW4lMjBwcm9maWxlfGVufDF8fHx8MTc4OTU5Nzc5MHww&ixlib=rb-4.1.0&q=80&w=1080,https://unsplash.com/photos/woman-with-updo-against-a-floral-background-tAGVIAe9VDc,https://unsplash.com/@nationalgallery
self portrait oil painting,portrait,Results should show portrait-relevant artwork with artist names and minimal vague metadata.,1,unsplash-GAjjjn4kFwM,"Title: Self-Portrait,Artist: Rembrandt (Rembrandt van Rijn) (Dutch, Leiden 1606–1669 Amsterdam),Date: 1660,Medium: Oil on canvas,Dimensions: 31 5/8 x 26 1/2 in. (80.3 x 67.3 cm),Classification: Paintings,Credit Line: Bequest of Benjamin Altman, 1913,Object Number: 14.40.618,Curatorial Department: European Paintings. http://www.metmuseum.org/art/collection/search/437397",The Metropolitan Museum of Art,Unsplash,2.59,Unsplash License,,,,,,,,,,https://images.unsplash.com/photo-1782233941364-f79a0700b3ad?crop=entropy&cs=tinysrgb&fit=max&fm=jpg&ixid=M3w5MTEwMzF8MHwxfHNlYXJjaHw0fHxzZWxmJTIwcG9ydHJhaXQlMjBvaWwlMjBwYWludGluZ3xlbnwxfHx8fDE3ODk1OTc3OTB8MA&ixlib=rb-4.1.0&q=80&w=1080,https://unsplash.com/photos/a-painted-portrait-of-a-man-with-a-dark-hat-GAjjjn4kFwM,https://unsplash.com/@metropolitanmuseum
self portrait oil painting,portrait,Results should show portrait-relevant artwork with artist names and minimal vague metadata.,2,aic-69003,Self-Portrait,"Nicolas de Largillière (French, 1656–1746)",Art Institute of Chicago,2.37,Public Domain,,,,,,self-portraits;artist;blue (color);Canvas;painting;fashion;portraits: French subject;portraits: male subject;portrait;portraits,18th Century,oil painting;painting;painting (image making);painting techniques,,http://commons.wikimedia.org/wiki/Special:FilePath/Nicolas%20de%20Largilli%C3%A8re%20-%20Self-Portrait%20-%201987.57%20-%20Art%20Institute%20of%20Chicago.jpg?width=843,https://www.artic.edu/artworks/69003,https://www.artic.edu
self portrait oil painting,portrait,Results should show portrait-relevant artwork with artist names and minimal vague metadata.,3,aic-80607,Self-Portrait,"Vincent van Gogh (Dutch, 1853–1890)",Art Institute of Chicago,2.3,Public Domain,,,,,,portraits;red (color);blue (color);green (color);orange (color);artist;self-portraits;emotions;men;suits;beards,Post-Impressionism;19th century;nineteenth century,oil painting;painting;painting techniques;painting (image making),Essentials,http://commons.wikimedia.org/wiki/Special:FilePath/Vincent%20van%20Gogh%20-%20Self-Portrait%20-%201954.326%20-%20Art%20Institute%20of%20Chicago.jpg?width=843,https://www.artic.edu/artworks/80607,https://www.artic.edu
self portrait oil painting,portrait,Results should show portrait-relevant artwork with artist names and minimal vague metadata.,4,aic-110661,Self-Portrait,"Frédéric Bazille (French, 1841-1870)",Art Institute of Chicago,2.29,Public Domain,,,,,,portraits;paintbrushes;painters;artist;self-portraits;work;men,Impressionism;19th century,painting;oil painting;painting (image making);painting techniques,,http://commons.wikimedia.org/wiki/Special:FilePath/Fr%C3%A9d%C3%A9ric%20Bazille%20-%20Self-Portrait%20-%201962.336%20-%20Art%20Institute%20of%20Chicago.jpg?width=843,https://www.artic.edu/artworks/110661,https://www.artic.edu
self portrait oil painting,portrait,Results should show portrait-relevant artwork with artist names and minimal vague metadata.,5,unsplash-gbDOcvYbcYg,"Portrait of the Artist Léon Bonnat (French, 1833-1922) (Artist) 1885 oil on canvas (18th and 19th Centuries ) Credit Line Acquired by William T. Walters, 1885 https://art.thewalters.org/object/37.74/",The Walters Art Museum,Unsplash,2.16,Unsplash License,,,,,,,,,,https://images.unsplash.com/photo-1762117499087-2e1bb8e0bbe0?crop=entropy&cs=tinysrgb&fit=max&fm=jpg&ixid=M3w5MTEwMzF8MHwxfHNlYXJjaHwzfHxzZWxmJTIwcG9ydHJhaXQlMjBvaWwlMjBwYWludGluZ3xlbnwxfHx8fDE3ODk1OTc3OTB8MA&ixlib=rb-4.1.0&q=80&w=1080,https://unsplash.com/photos/a-distinguished-man-in-a-hat-and-suit-gbDOcvYbcYg,https://unsplash.com/@thewalters
self portrait oil painting,portrait,Results should show portrait-relevant artwork with artist names and minimal vague metadata.,6,unsplash-I5wNzQ70pRw,"Self-Portrait with White Collar c. 1857 Edgar Degas Associated Names Edgar Degas Painter, French, 1834 - 1917 https://www.nga.gov/artworks/92994-self-portrait-white-collar",National Gallery of Art,Unsplash,2.14,Unsplash License,,,,,,,,,,https://images.unsplash.com/photo-1766169776624-24399cc458ed?crop=entropy&cs=tinysrgb&fit=max&fm=jpg&ixid=M3w5MTEwMzF8MHwxfHNlYXJjaHw1fHxzZWxmJTIwcG9ydHJhaXQlMjBvaWwlMjBwYWludGluZ3xlbnwxfHx8fDE3ODk1OTc3OTB8MA&ixlib=rb-4.1.0&q=80&w=1080,https://unsplash.com/photos/I5wNzQ70pRw,https://unsplash.com/@nationalgallery
photographic portrait natural window light,portrait,"Photography portrait references should appear strongly, while preserving source credibility labels.",1,aic-154235,The Girl by the Window,"Edvard Munch (Norwegian, 1863–1944)",Art Institute of Chicago,2.04,Public Domain,,,,,,interiors;window;night;light;girl;domestic;curtains;blue (color);blue;domestic scenes;night scenes;children,Post-Impressionism;nineteenth century;19th century,oil painting;painting techniques;painting;painting (image making),,http://commons.wikimedia.org/wiki/Special:FilePath/Edvard%20Munch%20-%20The%20Girl%20by%20the%20Window%20-%202000.50%20-%20Art%20Institute%20of%20Chicago.jpg?width=843,https://www.artic.edu/artworks/154235,https://www.artic.edu
photographic portrait natural window light,portrait,"Photography portrait references should appear strongly, while preserving source credibility labels.",2,unsplash-PUX5LdNIdOM,a woman sitting on a stool looking out a window,Nicole Geri,Unsplash,1.93,Unsplash License,,,,,,,,,,https://images.unsplash.com/photo-1654651102111-3baa7143be0b?crop=entropy&cs=tinysrgb&fit=max&fm=jpg&ixid=M3w5MTEwMzF8MHwxfHNlYXJjaHw0fHxwaG90b2dyYXBoaWMlMjBwb3J0cmFpdCUyMG5hdHVyYWwlMjB3aW5kb3clMjBsaWdodHxlbnwxfHx8fDE3ODk1OTc3OTF8MA&ixlib=rb-4.1.0&q=80&w=1080,https://unsplash.com/photos/a-woman-sitting-on-a-stool-looking-out-a-window-PUX5LdNIdOM,https://unsplash.com/@nicolegeri
photographic portrait natural window light,portrait,"Photography portrait references should appear strongly, while preserving source credibility labels.",3,unsplash-zQeffnYw1-w,Young woman in front of ornate window at sunset,quentin touvard,Unsplash,1.91,Unsplash License,,,,,,,,,,https://images.unsplash.com/photo-1771148885669-bd3e3a1af640?crop=entropy&cs=tinysrgb&fit=max&fm=jpg&ixid=M3w5MTEwMzF8MHwxfHNlYXJjaHw2fHxwaG90b2dyYXBoaWMlMjBwb3J0cmFpdCUyMG5hdHVyYWwlMjB3aW5kb3clMjBsaWdodHxlbnwxfHx8fDE3ODk1OTc3OTF8MA&ixlib=rb-4.1.0&q=80&w=1080,https://unsplash.com/photos/young-woman-in-front-of-ornate-window-at-sunset-zQeffnYw1-w,https://unsplash.com/@qt_picture
photographic portrait natural window light,portrait,"Photography portrait references should appear strongly, while preserving source credibility labels.",4,aic-81576,Mrs. Potter Palmer,"Anders Leonard Zorn (Swedish, 1860–1920)",Art Institute of Chicago,1.74,Public Domain,,,,,,portraits: female subject;woman;window;wealth;portraits;portrait;pink (color);luxury;jewelry;interior;dresses,nineteenth century;19th century,oil painting;painting techniques;painting (image making);painting,,http://commons.wikimedia.org/wiki/Special:FilePath/Anders%20Zorn%20-%20Mrs.%20Potter%20Palmer%20-%201922.450%20-%20Art%20Institute%20of%20Chicago.jpg?width=843,https://www.artic.edu/artworks/81576,https://www.artic.edu
photographic portrait natural window light,portrait,"Photography portrait references should appear strongly, while preserving source credibility labels.",5,unsplash-bVQWhU2iXpg,woman in white dress shirt,Jakob Owens,Unsplash,1.74,Unsplash License,,,,,,,,,,https://images.unsplash.com/photo-1611518006116-f33992c268e8?crop=entropy&cs=tinysrgb&fit=max&fm=jpg&ixid=M3w5MTEwMzF8MHwxfHNlYXJjaHwxfHxwaG90b2dyYXBoaWMlMjBwb3J0cmFpdCUyMG5hdHVyYWwlMjB3aW5kb3clMjBsaWdodHxlbnwxfHx8fDE3ODk1OTc3OTF8MA&ixlib=rb-4.1.0&q=80&w=1080,https://unsplash.com/photos/woman-in-white-dress-shirt-bVQWhU2iXpg,https://unsplash.com/@jakobowens1
photographic portrait natural window light,portrait,"Photography portrait references should appear strongly, while preserving source credibility labels.",6,unsplash-vdm3U6WkBEM,man in black long sleeve shirt,Ilona Panych,Unsplash,1.73,Unsplash License,,,,,,,,,,https://images.unsplash.com/photo-1579983927913-b4a15a99a560?crop=entropy&cs=tinysrgb&fit=max&fm=jpg&ixid=M3w5MTEwMzF8MHwxfHNlYXJjaHwyfHxwaG90b2dyYXBoaWMlMjBwb3J0cmFpdCUyMG5hdHVyYWwlMjB3aW5kb3clMjBsaWdodHxlbnwxfHx8fDE3ODk1OTc3OTF8MA&ixlib=rb-4.1.0&q=80&w=1080,https://unsplash.com/photos/man-in-black-long-sleeve-shirt-vdm3U6WkBEM,https://unsplash.com/@we_are_details
hands reference drawing and photo,mixed reference,Search should combine museum and photography sources and return diverse but relevant top 6 results.,1,unsplash-QPsKvBKkMTA,"Title: Study of Arms for ""The Cadence of Autumn"" Artist: Evelyn De Morgan (British, London 1855–1919 London), Date: 1905, Medium: Graphite and pastel, Classification: Drawings, Credit Line: The Elisha Whittelsey Collection, The Elisha Whittelsey Fund, 2018, Object Number: 2018.861, Curatorial Department: Drawings and Prints",The Metropolitan Museum of Art,Unsplash,1.95,Unsplash License,,,,,,,,,,https://images.unsplash.com/photo-1786014894707-6fe6cab16a09?crop=entropy&cs=tinysrgb&fit=max&fm=jpg&ixid=M3w5MTEwMzF8MHwxfHNlYXJjaHwyfHxoYW5kcyUyMHJlZmVyZW5jZSUyMGRyYXdpbmclMjBhbmQlMjBwaG90b3xlbnwxfHx8fDE3ODk1OTc3OTF8MA&ixlib=rb-4.1.0&q=80&w=1080,https://unsplash.com/photos/hands-touching-blonde-hair-QPsKvBKkMTA,https://unsplash.com/@metropolitanmuseum
hands reference drawing and photo,mixed reference,Search should combine museum and photography sources and return diverse but relevant top 6 results.,2,unsplash-PNBPBlwCEWk,"Title: Hands Artist: Karawina, Erica, 1904-2003 Contributor: Federal Art Project Sponsor: United States. Works Progress Administration Sponsor: United States. Work Projects Administration Name on Item: Erica Karawina Date: [1935–1943] https://www.digitalcommonwealth.org/search/commonwealth:p2679h109",Boston Public Library,Unsplash,1.93,Unsplash License,,,,,,,,,,https://images.unsplash.com/photo-1711655803317-f29e37c72068?crop=entropy&cs=tinysrgb&fit=max&fm=jpg&ixid=M3w5MTEwMzF8MHwxfHNlYXJjaHw0fHxoYW5kcyUyMHJlZmVyZW5jZSUyMGRyYXdpbmclMjBhbmQlMjBwaG90b3xlbnwxfHx8fDE3ODk1OTc3OTF8MA&ixlib=rb-4.1.0&q=80&w=1080,https://unsplash.com/photos/a-black-and-white-drawing-of-a-hand-holding-something-PNBPBlwCEWk,https://unsplash.com/@bostonpubliclibrary
hands reference drawing and photo,mixed reference,Search should combine museum and photography sources and return diverse but relevant top 6 results.,3,unsplash-itKuZdlNHVI,"Title: Bones of the hands Creator: Bones of the hands Date: 1858 Providing institution: Leiden University Libraries Aggregator: Dutch Collections for Europe Providing Country: Netherlands Public Domain Bones of the hands by Adriaans, H.M - 1858 - Leiden University Libraries, Netherlands - Public Domain. https://www.europeana.eu/item/744/item_3459401",Europeana,Unsplash,1.91,Unsplash License,,,,,,,,,,https://images.unsplash.com/photo-1716996641746-25e77e53c45b?crop=entropy&cs=tinysrgb&fit=max&fm=jpg&ixid=M3w5MTEwMzF8MHwxfHNlYXJjaHw2fHxoYW5kcyUyMHJlZmVyZW5jZSUyMGRyYXdpbmclMjBhbmQlMjBwaG90b3xlbnwxfHx8fDE3ODk1OTc3OTF8MA&ixlib=rb-4.1.0&q=80&w=1080,https://unsplash.com/photos/two-anatomical-drawings-of-human-hand-skeletons-itKuZdlNHVI,https://unsplash.com/@europeana
hands reference drawing and photo,mixed reference,Search should combine museum and photography sources and return diverse but relevant top 6 results.,4,unsplash-3Bk5r-1l0n8,"Title: Anatomy of the human hand Creator: Desmaretz, Sébastien, (active 1795-1825), (printmaker) Date: 1798 Providing institution: Leiden University Libraries Aggregator: Dutch Collections for Europe Providing Country: Netherlands Public Domain Anatomy of the human hand by Desmaretz, Sébastien, (active 1795-1825), (printmaker) - 1798 - Leiden University Libraries, Netherlands - Public Domain. https://www.europeana.eu/item/815/item_3280488",Europeana,Unsplash,1.74,Unsplash License,,,,,,,,,,https://images.unsplash.com/photo-1716996642059-25102d521412?crop=entropy&cs=tinysrgb&fit=max&fm=jpg&ixid=M3w5MTEwMzF8MHwxfHNlYXJjaHwxfHxoYW5kcyUyMHJlZmVyZW5jZSUyMGRyYXdpbmclMjBhbmQlMjBwaG90b3xlbnwxfHx8fDE3ODk1OTc3OTF8MA&ixlib=rb-4.1.0&q=80&w=1080,https://unsplash.com/photos/four-detailed-sketches-of-human-hands-in-various-poses-3Bk5r-1l0n8,https://unsplash.com/@europeana
hands reference drawing and photo,mixed reference,Search should combine museum and photography sources and return diverse but relevant top 6 results.,5,unsplash-nUnnt84-MGw,"Title: Muscular anatomy of the human hand Creator: Desmaretz, Sébastien, (active 1795-1825), (printmaker) Date: 1798 Providing institution: Leiden University Libraries Aggregator: Dutch Collections for Europe Providing Country: Netherlands Public Domain Muscular anatomy of the human hand by Desmaretz, Sébastien, (active 1795-1825), (printmaker) - 1798 - Leiden University Libraries, Netherlands - Public Domain. https://www.europeana.eu/item/815/item_3280489",Europeana,Unsplash,1.72,Unsplash License,,,,,,,,,,https://images.unsplash.com/photo-1716996642039-6611a1307f42?crop=entropy&cs=tinysrgb&fit=max&fm=jpg&ixid=M3w5MTEwMzF8MHwxfHNlYXJjaHwzfHxoYW5kcyUyMHJlZmVyZW5jZSUyMGRyYXdpbmclMjBhbmQlMjBwaG90b3xlbnwxfHx8fDE3ODk1OTc3OTF8MA&ixlib=rb-4.1.0&q=80&w=1080,https://unsplash.com/photos/anatomical-drawing-of-human-hands-and-tendons-nUnnt84-MGw,https://unsplash.com/@europeana
hands reference drawing and photo,mixed reference,Search should combine museum and photography sources and return diverse but relevant top 6 results.,6,unsplash-zyydGXyIRnI,"Title: Skeletal anatomy of the human hand Creator: Desmaretz, Sébastien, (active 1795-1825), (printmaker) Date: 1798 Providing institution: Leiden University Libraries Aggregator: Dutch Collections for Europe Providing Country: Netherlands Public Domain Skeletal anatomy of the human hand by Desmaretz, Sébastien, (active 1795-1825), (printmaker) - 1798 - Leiden University Libraries, Netherlands - Public Domain. https://www.europeana.eu/item/815/item_3280509",Europeana,Unsplash,1.7,Unsplash License,,,,,,,,,,https://images.unsplash.com/photo-1716996642036-2d62f3440466?crop=entropy&cs=tinysrgb&fit=max&fm=jpg&ixid=M3w5MTEwMzF8MHwxfHNlYXJjaHw1fHxoYW5kcyUyMHJlZmVyZW5jZSUyMGRyYXdpbmclMjBhbmQlMjBwaG90b3xlbnwxfHx8fDE3ODk1OTc3OTF8MA&ixlib=rb-4.1.0&q=80&w=1080,https://unsplash.com/photos/four-anatomical-views-of-a-human-hand-skeleton-zyydGXyIRnI,https://unsplash.com/@europeana
urban figure pose reference,mixed reference,Results should blend modern photography with possible museum figure studies based on ranking signals.,1,unsplash-DjpM9Qg3vtI,"Starall Action Figure, posable mannequin, posable, posable, illustration, product shot, anime, manga, male, figure, white background, pose,",Brett Jordan,Unsplash,2.18,Unsplash License,,,,,,,,,,https://images.unsplash.com/photo-1630412612984-9b645d1c97ac?crop=entropy&cs=tinysrgb&fit=max&fm=jpg&ixid=M3w5MTEwMzF8MHwxfHNlYXJjaHwxfHx1cmJhbiUyMGZpZ3VyZSUyMHBvc2UlMjByZWZlcmVuY2V8ZW58MXx8fHwxNzg5NTk3NzkyfDA&ixlib=rb-4.1.0&q=80&w=1080,https://unsplash.com/photos/woman-in-gray-and-white-suit-DjpM9Qg3vtI,https://unsplash.com/@brett_jordan
urban figure pose reference,mixed reference,Results should blend modern photography with possible museum figure studies based on ranking signals.,2,aic-20684,Paris Street; Rainy Day,"Gustave Caillebotte (French, 1848–1894)",Art Institute of Chicago,1.86,Public Domain,,,,,,urban life;hat;building;couples;figures;Paris;rain;street;umbrellas;cityscapes;weather/seasons;men;leisure;women;everyday life (genre);water,Impressionism;19th century,oil painting;painting;painting techniques;painting (image making),Essentials;Save Ferris,http://commons.wikimedia.org/wiki/Special:FilePath/Gustave%20Caillebotte%20-%20Paris%20Street%2C%20Rainy%20Day%20-%201964.336%20-%20Art%20Institute%20of%20Chicago.jpg?width=843,https://www.artic.edu/artworks/20684,https://www.artic.edu
urban figure pose reference,mixed reference,Results should blend modern photography with possible museum figure studies based on ranking signals.,3,aic-16571,"Arrival of the Normandy Train, Gare Saint-Lazare","Claude Monet (French, 1840–1926)",Art Institute of Chicago,1.81,Public Domain,,,,,,landscapes;travel;trains;train station;smoke;France;figures;building;urban life;transportation;Century of Progress;world's fairs;Chicago World's Fairs,Impressionism;nineteenth century;19th century,oil painting;painting techniques;painting;painting (image making),,http://commons.wikimedia.org/wiki/Special:FilePath/Claude%20Monet%20-%20Arrival%20of%20the%20Normandy%20Train%2C%20Gare%20Saint-Lazare%20-%20Google%20Art%20Project.jpg?width=843,https://www.artic.edu/artworks/16571,https://www.artic.edu
color palette inspiration for portrait painting,mixed reference,Top results should remain relevant to portrait/painterly context while avoiding duplicate near-matches.,1,aic-80607,Self-Portrait,"Vincent van Gogh (Dutch, 1853–1890)",Art Institute of Chicago,2.09,Public Domain,,,,,,portraits;red (color);blue (color);green (color);orange (color);artist;self-portraits;emotions;men;suits;beards,Post-Impressionism;19th century;nineteenth century,oil painting;painting;painting techniques;painting (image making),Essentials,http://commons.wikimedia.org/wiki/Special:FilePath/Vincent%20van%20Gogh%20-%20Self-Portrait%20-%201954.326%20-%20Art%20Institute%20of%20Chicago.jpg?width=843,https://www.artic.edu/artworks/80607,https://www.artic.edu
color palette inspiration for portrait painting,mixed reference,Top results should remain relevant to portrait/painterly context while avoiding duplicate near-matches.,2,aic-862,Portrait of an Artist,"Follower of Frans Hals (Dutch, 1582–1666)",Art Institute of Chicago,2.08,Public Domain,,,,,,portraits: male subject;artist;black (color);hat;man;portrait;portraits;white (color);Century of Progress;world's fairs;Chicago World's Fairs,17th Century,oil painting;painting;painting (image making);painting techniques,,http://commons.wikimedia.org/wiki/Special:FilePath/Follower%20of%20Frans%20Hals%20-%20Portrait%20of%20an%20Artist%20-%201894.1023%20-%20Art%20Institute%20of%20Chicago.jpg?width=843,https://www.artic.edu/artworks/862,https://www.artic.edu
color palette inspiration for portrait painting,mixed reference,Top results should remain relevant to portrait/painterly context while avoiding duplicate near-matches.,3,unsplash-NRBBze-P0Sc,Portrait Photography Ideas follow for more on IG: @ramitvofficial ,Muhammad Rahim Ali,Unsplash,1.95,Unsplash License,,,,,,,,,,https://images.unsplash.com/photo-1633887091273-a3bd71efddde?crop=entropy&cs=tinysrgb&fit=max&fm=jpg&ixid=M3w5MTEwMzF8MHwxfHNlYXJjaHwyfHxjb2xvciUyMHBhbGV0dGUlMjBpbnNwaXJhdGlvbiUyMGZvciUyMHBvcnRyYWl0JTIwcGFpbnRpbmd8ZW58MXx8fHwxNzg5NTk3NzkyfDA&ixlib=rb-4.1.0&q=80&w=1080,https://unsplash.com/photos/a-woman-holding-a-bunch-of-paint-brushes-NRBBze-P0Sc,https://unsplash.com/@ramitvofficial
color palette inspiration for portrait painting,mixed reference,Top results should remain relevant to portrait/painterly context while avoiding duplicate near-matches.,4,unsplash-cWY499Ma1SQ,Palette,Zhang Xinxin,Unsplash,1.94,Unsplash License,,,,,,,,,,https://images.unsplash.com/photo-1618513462042-29ac20aefe11?crop=entropy&cs=tinysrgb&fit=max&fm=jpg&ixid=M3w5MTEwMzF8MHwxfHNlYXJjaHwzfHxjb2xvciUyMHBhbGV0dGUlMjBpbnNwaXJhdGlvbiUyMGZvciUyMHBvcnRyYWl0JTIwcGFpbnRpbmd8ZW58MXx8fHwxNzg5NTk3NzkyfDA&ixlib=rb-4.1.0&q=80&w=1080,https://unsplash.com/photos/blue-and-white-floral-ceramic-plate-cWY499Ma1SQ,https://unsplash.com/@starrynite
color palette inspiration for portrait painting,mixed reference,Top results should remain relevant to portrait/painterly context while avoiding duplicate near-matches.,5,unsplash-KtQSnF8GNcc,Artists mixing palette hanging on the wall of a neighbouring studio space.,Dan Cook,Unsplash,1.91,Unsplash License,,,,,,,,,,https://images.unsplash.com/photo-1526389157-6a5cc2bb4afa?crop=entropy&cs=tinysrgb&fit=max&fm=jpg&ixid=M3w5MTEwMzF8MHwxfHNlYXJjaHw2fHxjb2xvciUyMHBhbGV0dGUlMjBpbnNwaXJhdGlvbiUyMGZvciUyMHBvcnRyYWl0JTIwcGFpbnRpbmd8ZW58MXx8fHwxNzg5NTk3NzkyfDA&ixlib=rb-4.1.0&q=80&w=1080,https://unsplash.com/photos/black-white-and-red-abstract-painting-KtQSnF8GNcc,https://unsplash.com/@dan_scape
color palette inspiration for portrait painting,mixed reference,Top results should remain relevant to portrait/painterly context while avoiding duplicate near-matches.,6,aic-111317,"Amédée-David, the Comte de Pastoret","Jean-Auguste-Dominique Ingres (French, 1780-1867)",Art Institute of Chicago,1.84,Public Domain,,,,,,portraits;jewelry;gold (color);green (color);luxury;nobility;portrait;portraits: male subject;wealth;medallions;interiors;swords;fabric;suits;black (color);fashion;men,19th century;nineteenth century,oil painting;painting;painting techniques;painting (image making),Essentials,http://commons.wikimedia.org/wiki/Special:FilePath/Jean%20Auguste%20Dominique%20Ingres%20-%20Am%C3%A9d%C3%A9e-David%2C%20the%20Comte%20de%20Pastoret%20-%201971.452%20-%20Art%20Institute%20of%20Chicago.jpg?width=843,https://www.artic.edu/artworks/111317,https://www.artic.edu
